[
  {
    "Time": "2025-01-11T22:41:19Z",
    "Operation": "Set-TransportRule",
    "UserId": "admin_backup@corp.example",
    "RuleName": "Corporate Footer",
    "ClientIP": "20.72.18.9"
  },
  {
    "Time": "2025-01-11T23:12:03Z",
    "Operation": "New-TransportRule",
    "UserId": "admin_sync@corp.example",
    "RuleName": "Transport Rule For Legacy Compatibilty",
    "ClientIP": "52.178.91.44"
  },
  {
    "Time": "2025-01-11T23:14:47Z",
    "Operation": "New-InboxRule",
    "UserId": "admin_sync@corp.example",
    "TargetUser": "finance@corp.example",
    "RuleName": "SystemSync",
    "ClientIP": "52.178.91.44"
  },
  {
    "Time": "2025-01-12T06:58:31Z",
    "Operation": "Set-InboxRule",
    "UserId": "finance@corp.example",
    "TargetUser": "finance@corp.example",
    "RuleName": "Invoices",
    "ClientIP": "10.4.2.17"
  },
  {
    "Time": "2025-01-12T07:16:02Z",
    "Operation": "Set-InboxRule",
    "UserId": "ceo@corp.example",
    "TargetUser": "ceo@corp.example",
    "RuleName": "EA Delegation",
    "ClientIP": "10.4.1.9"
  },
  {
    "Time": "2025-01-12T08:55:10Z",
    "Operation": "Set-TransportRule",
    "UserId": "admin_backup@corp.example",
    "RuleName": "Outbound Partner Copy (Vendor)",
    "ClientIP": "20.72.18.9"
  }
]
