[
  {
    "User": "finance@corp.example",
    "Rules": [
      {
        "Name": "Invoices",
        "Enabled": true,
        "Conditions": {
          "SubjectContainsWords": ["invoice", "payment"]
        },
        "Actions": {
          "MoveToFolder": "Finance"
        }
      },
      {
        "Name": "AP Notifications",
        "Enabled": true,
        "Conditions": {
          "FromAddressContainsWords": ["ap@corp.example"]
        },
        "Actions": {
          "MoveToFolder": "Accounts Payable"
        }
      },
      {
        "Name": "SystemSync",
        "Enabled": true,
        "Conditions": {
          "FromAddressContainsWords": ["@corp.example"]
        },
        "Actions": {
          "MarkAsRead": true,
          "StopProcessingRules": false
        }
      }
    ]
  },
  {
    "User": "ceo@corp.example",
    "Rules": [
      {
        "Name": "EA Delegation",
        "Enabled": true,
        "Conditions": {
          "FromAddressContainsWords": ["@corp.example"]
        },
        "Actions": {
          "ForwardTo": ["ea@corp.example"],
          "StopProcessingRules": true
        }
      }
    ]
  },
  {
    "User": "hr@corp.example",
    "Rules": [
      {
        "Name": "HR Internal",
        "Enabled": true,
        "Conditions": {
          "FromAddressContainsWords": ["@corp.example"]
        },
        "Actions": {
          "MoveToFolder": "Internal"
        }
      }
    ]
  },
  {
    "User": "sales@corp.example",
    "Rules": [
      {
        "Name": "CRM Notifications",
        "Enabled": true,
        "Conditions": {
          "FromAddressContainsWords": ["@crm.vendor"]
        },
        "Actions": {
          "MoveToFolder": "CRM"
        }
      },
      {
        "Name": "Sales Ops Copy",
        "Enabled": true,
        "Conditions": {
          "SubjectContainsWords": ["quote", "pricing"]
        },
        "Actions": {
          "ForwardTo": ["sales-ops@corp.example"],
          "StopProcessingRules": true
        }
      }
    ]
  }
]
