Timestamp,Sender,Recipient,Subject,AutoForwarded,BCC
2025-01-12T06:36:12Z,marketing@corp.example,cfo@corp.example,RUEgYXV0byBmb3J3YXJkIHRlc3Q=,true,sales-ops-archive@corp.example
2025-01-12T06:37:54Z,security@corp.example,it@corp.example,RXhwZW5zZSByZWltYnVyc2VtZW50,false,
2025-01-12T06:38:51Z,procurement@corp.example,ea@corp.example,QWxsLWhhbmRzIGFnZW5kYQ==,false,
2025-01-12T06:41:56Z,sales@corp.example,hr@corp.example,U2VjdXJpdHkgYWR2aXNvcnk=,false,ea-archive@corp.example
2025-01-12T06:44:46Z,ea@corp.example,procurement@corp.example,UGF5bWVudCBmb3J3YXJkZWQ=,false,
2025-01-12T06:47:25Z,ceo@corp.example,finance@corp.example,Q29udHJhY3Qgc2lnbmF0dXJlIHN0YXR1cw==,false,compliance-archive@corp.example
2025-01-12T06:49:21Z,ea@corp.example,cfo@corp.example,Qm9hcmQgcHJlcCBub3RlcyAoZHJhZnQp,false,soc-archive@corp.example
2025-01-12T06:50:58Z,ea@corp.example,all@corp.example,SFIgYXV0byBmb3J3YXJkZWQ=,false,journal@corp.example
2025-01-12T06:57:29Z,alerts@corp.example,procurement@corp.example,RXhlYyByZXZpZXcgZm9yd2FyZA==,false,ap-archive@corp.example
2025-01-12T07:02:53Z,alerts@corp.example,ap@corp.example,SFIgYXV0byBmb3J3YXJkZWQ=,false,
2025-01-12T07:04:22Z,ceo@corp.example,legal@corp.example,UmlzayByZXZpZXc=,false,sales-ops-archive@corp.example
2025-01-12T07:10:09Z,hr@corp.example,all@corp.example,TWFya2V0aW5nIGJyaWVm,true,sales-ops-archive@corp.example
2025-01-12T07:14:30Z,ceo@corp.example,cfo@corp.example,U3RhdHVzIHVwZGF0ZQ==,false,
2025-01-12T07:15:31Z,travel@corp.example,finance@corp.example,QVAgYXV0byBmb3J3YXJk,false,
2025-01-12T07:16:31Z,marketing@corp.example,ap@corp.example,U09DIGF1dG8gZm9yd2FyZA==,false,
2025-01-12T07:18:03Z,travel@corp.example,security@corp.example,Vendor onboarding checklist,false,vendor-archive@corp.example
2025-01-12T07:20:39Z,procurement@corp.example,compliance@corp.example,UG9saWN5IFJlbWluZGVy,false,vendor-archive@corp.example
2025-01-12T07:23:23Z,hr@corp.example,cfo@corp.example,U09DIGF1dG8gZm9yd2FyZA==,false,soc-archive@corp.example
2025-01-12T07:28:26Z,travel@corp.example,sales@corp.example,Qm9hcmQgcHJlcCBub3RlcyAoZHJhZnQp,true,compliance-archive@corp.example
2025-01-12T07:34:19Z,ea@corp.example,sales@corp.example,U2FsZXMgZm9yZWNhc3Q=,false,ea-archive@corp.example
2025-01-12T07:35:17Z,it@corp.example,compliance@corp.example,U2FsZXMgZm9yZWNhc3Q=,false,journal@corp.example
2025-01-12T07:40:49Z,ceo@corp.example,cfo@corp.example,U2FsZXMgZm9yZWNhc3Q=,false,ea-archive@corp.example
2025-01-12T07:43:15Z,hr@corp.example,ea@corp.example,UXVhcnRlcmx5IGJpbGxpbmcgcXVlc3Rpb24=,false,journal@corp.example
2025-01-12T07:50:06Z,compliance@corp.example,procurement@corp.example,RXhlYyByZXZpZXcgZm9yd2FyZA==,false,
2025-01-12T07:56:23Z,ea@corp.example,ap@corp.example,AP auto forward,true,vendor-archive@corp.example
2025-01-12T08:03:07Z,marketing@corp.example,sales@corp.example,TGVnYWwgcmV2aWV3IHJlcXVpcmVk,false,soc-archive@corp.example
2025-01-12T08:08:31Z,security@corp.example,procurement@corp.example,RGFpbHkgU0lFTSBTdW1tYXJ5,true,compliance-archive@corp.example
2025-01-12T08:15:27Z,travel@corp.example,security@corp.example,QnVkZ2V0IHdvcmtzaGVldA==,false,
2025-01-12T08:20:01Z,travel@corp.example,security@corp.example,Q29udHJhY3Qgc2lnbmF0dXJlIHN0YXR1cw==,false,
2025-01-12T08:25:47Z,cfo@corp.example,sales@corp.example,Contract signature status,false,
2025-01-12T08:28:54Z,legal@corp.example,compliance@corp.example,UG9saWN5IFJlbWluZGVy,false,
2025-01-12T08:29:42Z,legal@corp.example,it@corp.example,SW52b2ljZSBwcm9jZXNzaW5n,false,soc-archive@corp.example
2025-01-12T08:31:48Z,legal@corp.example,hr@corp.example,TWFya2V0aW5nIGJyaWVm,false,vendor-archive@corp.example
2025-01-12T08:38:30Z,it@corp.example,cfo@corp.example,QWxsLWhhbmRzIGFnZW5kYQ==,false,soc-archive@corp.example
2025-01-12T08:42:51Z,ceo@corp.example,legal@corp.example,Purchase request,false,
2025-01-12T08:46:30Z,cfo@corp.example,sales@corp.example,UGF5bWVudCBmb3J3YXJkZWQ=,false,ea-archive@corp.example
2025-01-12T08:49:37Z,it@corp.example,sales@corp.example,Qm9hcmQgcHJlcCBub3RlcyAoZHJhZnQp,false,journal@corp.example
2025-01-12T08:51:41Z,sales@corp.example,all@corp.example,Exec review forward,false,
2025-01-12T08:54:16Z,marketing@corp.example,ea@corp.example,U3RhdHVzIHVwZGF0ZQ==,false,vendor-archive@corp.example
2025-01-12T08:57:53Z,ea@corp.example,all@corp.example,SW52b2ljZSByZXZpZXc=,false,soc-archive@corp.example
2025-01-12T08:59:30Z,procurement@corp.example,ea@corp.example,UmlzayByZXZpZXc=,false,soc-archive@corp.example
2025-01-12T09:01:02Z,marketing@corp.example,hr@corp.example,RXhwZW5zZSByZWltYnVyc2VtZW50,false,vendor-archive@corp.example
2025-01-12T09:05:01Z,marketing@corp.example,sales@corp.example,UGF0Y2ggY29tcGxpYW5jZSByZXBvcnQ=,false,sales-ops-archive@corp.example
2025-01-12T09:06:35Z,ap@corp.example,procurement@corp.example,SW52b2ljZSBwcm9jZXNzaW5n,false,ea-archive@corp.example
2025-01-12T09:10:23Z,it@corp.example,legal@corp.example,UGF5bWVudCBmb3J3YXJkZWQ=,false,journal@corp.example
2025-01-12T09:14:04Z,alerts@corp.example,ap@corp.example,UXVhcnRlcmx5IGJpbGxpbmcgcXVlc3Rpb24=,true,vendor-archive@corp.example
2025-01-12T09:19:58Z,cfo@corp.example,sales@corp.example,RXhlYyByZXZpZXcgZm9yd2FyZA==,false,
2025-01-12T09:22:58Z,security@corp.example,it@corp.example,QVAgYXV0byBmb3J3YXJk,false,sales-ops-archive@corp.example
2025-01-12T09:24:05Z,security@corp.example,finance@corp.example,Q2FtcGFpZ24gYXNzZXRzICh2MSk=,false,
2025-01-12T09:31:03Z,procurement@corp.example,legal@corp.example,SFIgYXV0byBmb3J3YXJkZWQ=,false,vendor-archive@corp.example
2025-01-12T09:35:43Z,it@corp.example,legal@corp.example,Q29tcGxpYW5jZSBjaGVjaw==,false,vendor-archive@corp.example
2025-01-12T09:41:02Z,hr@corp.example,sales@corp.example,UGF0Y2ggY29tcGxpYW5jZSByZXBvcnQ=,false,
2025-01-12T09:42:50Z,travel@corp.example,it@corp.example,SW52b2ljZSBwcm9jZXNzaW5n,false,
2025-01-12T09:46:48Z,ceo@corp.example,cfo@corp.example,RGFpbHkgU0lFTSBTdW1tYXJ5,false,
2025-01-12T09:48:13Z,legal@corp.example,compliance@corp.example,UG9saWN5IFJlbWluZGVy,false,
2025-01-12T09:53:40Z,finance@corp.example,it@corp.example,UmlzayByZXZpZXc=,false,ap-archive@corp.example
2025-01-12T09:56:55Z,security@corp.example,compliance@corp.example,AP auto forward,false,
2025-01-12T10:03:01Z,cfo@corp.example,hr@corp.example,HR auto forwarded,false,
2025-01-12T10:09:02Z,alerts@corp.example,procurement@corp.example,Budget worksheet,false,vendor-archive@corp.example
2025-01-12T10:12:52Z,procurement@corp.example,hr@corp.example,SVQgbWFpbnRlbmFuY2Ugd2luZG93,false,soc-archive@corp.example
2025-01-12T10:18:32Z,compliance@corp.example,ea@corp.example,Quarterly billing question,false,vendor-archive@corp.example
2025-01-12T10:20:55Z,alerts@corp.example,it@corp.example,UXVhcnRlcmx5IGJpbGxpbmcgcXVlc3Rpb24=,false,
2025-01-12T10:27:40Z,legal@corp.example,all@corp.example,TWVldGluZyBub3Rlcw==,false,ap-archive@corp.example
2025-01-12T10:29:00Z,hr@corp.example,all@corp.example,SW52b2ljZSBwcm9jZXNzaW5n,false,sales-ops-archive@corp.example
2025-01-12T10:30:08Z,cfo@corp.example,finance@corp.example,UGF0Y2ggY29tcGxpYW5jZSByZXBvcnQ=,false,sales-ops-archive@corp.example
2025-01-12T10:36:31Z,cfo@corp.example,ap@corp.example,RXhwZW5zZSByZWltYnVyc2VtZW50,true,ap-archive@corp.example
2025-01-12T10:39:12Z,marketing@corp.example,ap@corp.example,UG9saWN5IFJlbWluZGVy,false,ea-archive@corp.example
2025-01-12T10:42:25Z,security@corp.example,procurement@corp.example,VHJhdmVsIGFwcHJvdmFs,false,ap-archive@corp.example
2025-01-12T10:43:50Z,compliance@corp.example,ap@corp.example,SW52b2ljZSBwcm9jZXNzaW5n,false,ap-archive@corp.example
2025-01-12T10:46:34Z,procurement@corp.example,legal@corp.example,Quarterly billing question,false,sales-ops-archive@corp.example
2025-01-12T10:52:09Z,travel@corp.example,compliance@corp.example,Board prep notes (draft),false,
2025-01-12T10:55:16Z,ea@corp.example,sales@corp.example,TGVnYWwgcmV2aWV3IHJlcXVpcmVk,false,
2025-01-12T10:59:53Z,it@corp.example,finance@corp.example,Q2FtcGFpZ24gYXNzZXRzICh2MSk=,false,compliance-archive@corp.example
2025-01-12T11:06:03Z,travel@corp.example,ap@corp.example,SVQgbWFpbnRlbmFuY2Ugd2luZG93,false,vendor-archive@corp.example
2025-01-12T11:09:54Z,compliance@corp.example,all@corp.example,UmlzayByZXZpZXc=,false,vendor-archive@corp.example
2025-01-12T11:15:56Z,ceo@corp.example,ap@corp.example,Q29udHJhY3Qgc2lnbmF0dXJlIHN0YXR1cw==,false,ap-archive@corp.example
2025-01-12T11:19:42Z,it@corp.example,cfo@corp.example,RUEgYXV0byBmb3J3YXJkIHRlc3Q=,false,
2025-01-12T11:22:14Z,ap@corp.example,all@corp.example,TWFya2V0aW5nIGJyaWVm,false,journal@corp.example
2025-01-12T11:28:42Z,it@corp.example,ap@corp.example,QWxsLWhhbmRzIGFnZW5kYQ==,false,
2025-01-12T11:31:43Z,marketing@corp.example,ea@corp.example,SW52b2ljZSBwcm9jZXNzaW5n,false,ea-archive@corp.example
2025-01-12T11:38:27Z,cfo@corp.example,legal@corp.example,Q29tcGxpYW5jZSBjaGVjaw==,false,
2025-01-12T11:45:01Z,ceo@corp.example,legal@corp.example,VmVuZG9yIG9uYm9hcmRpbmcgY2hlY2tsaXN0,false,sales-ops-archive@corp.example
2025-01-12T11:51:17Z,cfo@corp.example,hr@corp.example,QVAgYXV0byBmb3J3YXJk,false,sales-ops-archive@corp.example
2025-01-12T11:52:38Z,security@corp.example,ea@corp.example,RGFpbHkgU0lFTSBTdW1tYXJ5,false,ap-archive@corp.example
2025-01-12T11:58:34Z,sales@corp.example,it@corp.example,Q2FtcGFpZ24gYXNzZXRzICh2MSk=,false,
2025-01-12T12:04:44Z,cfo@corp.example,sales@corp.example,UXVhcnRlcmx5IGJpbGxpbmcgcXVlc3Rpb24=,false,
2025-01-12T12:06:56Z,ceo@corp.example,all@corp.example,Quarterly billing question,false,soc-archive@corp.example
2025-01-12T12:12:14Z,ceo@corp.example,ea@corp.example,UGF0Y2ggY29tcGxpYW5jZSByZXBvcnQ=,false,sales-ops-archive@corp.example
2025-01-12T12:19:12Z,security@corp.example,compliance@corp.example,Travel approval,true,vendor-archive@corp.example
2025-01-12T12:22:02Z,ea@corp.example,hr@corp.example,UmlzayByZXZpZXc=,false,ap-archive@corp.example
2025-01-12T12:24:10Z,marketing@corp.example,procurement@corp.example,Qm9hcmQgcHJlcCBub3RlcyAoZHJhZnQp,false,compliance-archive@corp.example
2025-01-12T12:28:51Z,procurement@corp.example,sales@corp.example,SW52b2ljZSBwcm9jZXNzaW5n,false,ea-archive@corp.example
2025-01-12T12:32:50Z,cfo@corp.example,it@corp.example,Legal review required,true,sales-ops-archive@corp.example
2025-01-12T12:35:53Z,legal@corp.example,ap@corp.example,TWFya2V0aW5nIGJyaWVm,true,ea-archive@corp.example
2025-01-12T12:42:05Z,marketing@corp.example,ea@corp.example,UE8gYXBwcm92ZWQ=,true,vendor-archive@corp.example
2025-01-12T12:48:42Z,alerts@corp.example,security@corp.example,Campaign assets (v1),false,
2025-01-12T12:54:12Z,it@corp.example,procurement@corp.example,UG9saWN5IFJlbWluZGVy,true,ea-archive@corp.example
2025-01-12T12:56:49Z,travel@corp.example,finance@corp.example,Q2FtcGFpZ24gYXNzZXRzICh2MSk=,false,
2025-01-12T13:03:24Z,hr@corp.example,procurement@corp.example,Patch compliance report,false,journal@corp.example
2025-01-12T13:06:55Z,sales@corp.example,ap@corp.example,VmVuZG9yIG9uYm9hcmRpbmcgY2hlY2tsaXN0,false,
2025-01-12T13:08:08Z,alerts@corp.example,all@corp.example,Q29tcGxpYW5jZSBjaGVjaw==,false,journal@corp.example
2025-01-12T13:10:50Z,security@corp.example,finance@corp.example,U2VjdXJpdHkgYWR2aXNvcnk=,false,ea-archive@corp.example
2025-01-12T13:11:51Z,ceo@corp.example,hr@corp.example,SFIgYXV0byBmb3J3YXJkZWQ=,true,soc-archive@corp.example
2025-01-12T13:15:17Z,travel@corp.example,ea@corp.example,TWFya2V0aW5nIGJyaWVm,false,ea-archive@corp.example
2025-01-12T13:19:27Z,ea@corp.example,compliance@corp.example,Risk review,false,ap-archive@corp.example
2025-01-12T13:22:29Z,alerts@corp.example,sales@corp.example,U09DIGF1dG8gZm9yd2FyZA==,true,ap-archive@corp.example
2025-01-12T13:23:47Z,ap@corp.example,sales@corp.example,QWxsLWhhbmRzIGFnZW5kYQ==,false,soc-archive@corp.example
2025-01-12T13:26:20Z,ceo@corp.example,all@corp.example,TWVldGluZyBub3Rlcw==,false,vendor-archive@corp.example
2025-01-12T13:31:55Z,security@corp.example,legal@corp.example,UGF5bWVudCBmb3J3YXJkZWQ=,false,
2025-01-12T13:38:47Z,sales@corp.example,procurement@corp.example,VHJhdmVsIGFwcHJvdmFs,false,journal@corp.example
2025-01-12T13:42:13Z,cfo@corp.example,compliance@corp.example,Security advisory,true,sales-ops-archive@corp.example
2025-01-12T13:44:46Z,ap@corp.example,finance@corp.example,RXhlYyByZXZpZXcgZm9yd2FyZA==,false,journal@corp.example
2025-01-12T13:51:06Z,ea@corp.example,legal@corp.example,RXhwZW5zZSByZWltYnVyc2VtZW50,false,vendor-archive@corp.example
2025-01-12T13:56:06Z,hr@corp.example,compliance@corp.example,UG9saWN5IFJlbWluZGVy,false,
2025-01-12T14:00:13Z,ceo@corp.example,ea@corp.example,U2VjdXJpdHkgYWR2aXNvcnk=,false,vendor-archive@corp.example
2025-01-12T14:06:27Z,hr@corp.example,cfo@corp.example,SW52b2ljZSByZXZpZXc=,false,sales-ops-archive@corp.example
2025-01-12T14:11:06Z,ceo@corp.example,legal@corp.example,TWFya2V0aW5nIGJyaWVm,false,vendor-archive@corp.example
2025-01-12T14:13:04Z,ceo@corp.example,ea@corp.example,TWFya2V0aW5nIGJyaWVm,true,ea-archive@corp.example
2025-01-12T14:16:04Z,ceo@corp.example,procurement@corp.example,QnVkZ2V0IHdvcmtzaGVldA==,false,ea-archive@corp.example
2025-01-12T14:18:00Z,compliance@corp.example,ea@corp.example,RUEgYXV0byBmb3J3YXJkIHRlc3Q=,false,sales-ops-archive@corp.example
2025-01-12T14:20:51Z,finance@corp.example,procurement@corp.example,SW52b2ljZSBwcm9jZXNzaW5n,false,ap-archive@corp.example
2025-01-12T14:26:23Z,it@corp.example,procurement@corp.example,SW52b2ljZSByZXZpZXc=,false,vendor-archive@corp.example
2025-01-12T14:31:43Z,ap@corp.example,compliance@corp.example,RXhwZW5zZSByZWltYnVyc2VtZW50,false,
2025-01-12T14:34:42Z,ceo@corp.example,ea@corp.example,U2FsZXMgZm9yZWNhc3Q=,true,ea-archive@corp.example
2025-01-12T14:40:26Z,compliance@corp.example,all@corp.example,UG9saWN5IFJlbWluZGVy,false,ap-archive@corp.example
2025-01-12T14:44:50Z,cfo@corp.example,security@corp.example,UE8gYXBwcm92ZWQ=,false,sales-ops-archive@corp.example
2025-01-12T14:50:33Z,ceo@corp.example,ea@corp.example,RUEgYXV0byBmb3J3YXJkIHRlc3Q=,true,ea-archive@corp.example
2025-01-12T14:58:32Z,it@corp.example,procurement@corp.example,RXhwZW5zZSByZWltYnVyc2VtZW50,false,soc-archive@corp.example
2025-01-12T15:01:09Z,ceo@corp.example,ea@corp.example,RXhlYyByZXZpZXcgZm9yd2FyZA==,true,ea-archive@corp.example
2025-01-12T15:03:04Z,sales@corp.example,ea@corp.example,UXVhcnRlcmx5IGJpbGxpbmcgcXVlc3Rpb24=,false,soc-archive@corp.example
2025-01-12T15:08:09Z,ceo@corp.example,ea@corp.example,QnVkZ2V0IHdvcmtzaGVldA==,true,ea-archive@corp.example
2025-01-12T15:13:06Z,travel@corp.example,security@corp.example,TWFya2V0aW5nIGJyaWVm,false,compliance-archive@corp.example
2025-01-12T15:14:37Z,hr@corp.example,ap@corp.example,RGFpbHkgU0lFTSBTdW1tYXJ5,false,soc-archive@corp.example
2025-01-12T15:15:46Z,legal@corp.example,all@corp.example,VHJhdmVsIGFwcHJvdmFs,false,sales-ops-archive@corp.example
2025-01-12T15:17:27Z,sales@corp.example,compliance@corp.example,UG9saWN5IFJlbWluZGVy,false,
2025-01-12T15:19:30Z,ea@corp.example,security@corp.example,U2FsZXMgZm9yZWNhc3Q=,false,ap-archive@corp.example
2025-01-12T15:25:36Z,security@corp.example,procurement@corp.example,VHJhdmVsIGFwcHJvdmFs,false,ap-archive@corp.example
2025-01-12T15:27:42Z,finance@corp.example,ea@corp.example,Q29udHJhY3Qgc2lnbmF0dXJlIHN0YXR1cw==,false,compliance-archive@corp.example
2025-01-12T15:38:36Z,legal@corp.example,ea@corp.example,QVAgYXV0byBmb3J3YXJk,false,sales-ops-archive@corp.example
2025-01-12T15:44:26Z,legal@corp.example,ap@corp.example,Q2FtcGFpZ24gYXNzZXRzICh2MSk=,false,
2025-01-12T15:45:43Z,hr@corp.example,ea@corp.example,UGF5bWVudCBmb3J3YXJkZWQ=,false,soc-archive@corp.example
2025-01-12T15:49:45Z,ap@corp.example,it@corp.example,UmlzayByZXZpZXc=,false,journal@corp.example
2025-01-12T15:53:45Z,procurement@corp.example,ea@corp.example,Q29udHJhY3Qgc2lnbmF0dXJlIHN0YXR1cw==,false,ea-archive@corp.example
2025-01-12T15:59:35Z,it@corp.example,compliance@corp.example,UmlzayByZXZpZXc=,false,journal@corp.example
2025-01-12T16:04:19Z,it@corp.example,procurement@corp.example,RXhlYyByZXZpZXcgZm9yd2FyZA==,false,
2025-01-12T16:09:34Z,ap@corp.example,procurement@corp.example,All-hands agenda,false,sales-ops-archive@corp.example
2025-01-12T16:12:27Z,cfo@corp.example,it@corp.example,SFIgYXV0byBmb3J3YXJkZWQ=,false,soc-archive@corp.example
2025-01-12T16:17:55Z,finance@corp.example,ap@corp.example,UGF5bWVudCBmb3J3YXJkZWQ=,false,compliance-archive@corp.example
2025-01-12T16:18:45Z,marketing@corp.example,sales@corp.example,UHVyY2hhc2UgcmVxdWVzdA==,false,compliance-archive@corp.example
2025-01-12T16:25:18Z,cfo@corp.example,ea@corp.example,QVAgYXV0byBmb3J3YXJk,false,sales-ops-archive@corp.example
2025-01-12T16:32:12Z,sales@corp.example,hr@corp.example,Exec review forward,false,
2025-01-12T16:33:55Z,travel@corp.example,compliance@corp.example,SFIgYXV0byBmb3J3YXJkZWQ=,false,sales-ops-archive@corp.example
2025-01-12T16:40:29Z,alerts@corp.example,sales@corp.example,All-hands agenda,false,journal@corp.example
2025-01-12T16:45:48Z,ceo@corp.example,cfo@corp.example,Q29udHJhY3Qgc2lnbmF0dXJlIHN0YXR1cw==,true,vendor-archive@corp.example
2025-01-12T16:48:49Z,marketing@corp.example,cfo@corp.example,RUEgYXV0byBmb3J3YXJkIHRlc3Q=,false,ea-archive@corp.example
2025-01-12T16:55:02Z,finance@corp.example,legal@corp.example,QnVkZ2V0IHdvcmtzaGVldA==,false,compliance-archive@corp.example
2025-01-12T16:58:41Z,it@corp.example,compliance@corp.example,QWxsLWhhbmRzIGFnZW5kYQ==,false,soc-archive@corp.example
2025-01-12T17:00:23Z,cfo@corp.example,legal@corp.example,SW52b2ljZSBwcm9jZXNzaW5n,false,vendor-archive@corp.example
2025-01-12T17:03:38Z,ap@corp.example,procurement@corp.example,QWxsLWhhbmRzIGFnZW5kYQ==,false,
2025-01-12T17:08:05Z,cfo@corp.example,all@corp.example,Quarterly billing question,false,
2025-01-12T17:10:10Z,ea@corp.example,compliance@corp.example,Travel approval,false,sales-ops-archive@corp.example
2025-01-12T17:14:47Z,finance@corp.example,cfo@corp.example,UmlzayByZXZpZXc=,true,ap-archive@corp.example
2025-01-12T17:15:33Z,ceo@corp.example,ea@corp.example,Budget worksheet,true,ea-archive@corp.example
2025-01-12T17:22:27Z,cfo@corp.example,legal@corp.example,RUEgYXV0byBmb3J3YXJkIHRlc3Q=,false,soc-archive@corp.example
2025-01-12T17:29:20Z,procurement@corp.example,it@corp.example,SFIgYXV0byBmb3J3YXJkZWQ=,false,
2025-01-12T17:32:19Z,hr@corp.example,all@corp.example,Q29tcGxpYW5jZSBjaGVjaw==,false,journal@corp.example
2025-01-12T17:37:20Z,it@corp.example,cfo@corp.example,TGVnYWwgcmV2aWV3IHJlcXVpcmVk,false,
2025-01-12T17:39:36Z,ceo@corp.example,ea@corp.example,UGF0Y2ggY29tcGxpYW5jZSByZXBvcnQ=,true,ea-archive@corp.example
2025-01-12T17:44:40Z,hr@corp.example,procurement@corp.example,U2VjdXJpdHkgYWR2aXNvcnk=,true,ea-archive@corp.example
2025-01-12T17:46:19Z,cfo@corp.example,hr@corp.example,RXhlYyByZXZpZXcgZm9yd2FyZA==,true,ea-archive@corp.example
2025-01-12T17:52:24Z,it@corp.example,sales@corp.example,Quarterly billing question,false,ea-archive@corp.example
2025-01-12T17:55:41Z,it@corp.example,sales@corp.example,UE8gYXBwcm92ZWQ=,false,
2025-01-12T18:01:53Z,travel@corp.example,sales@corp.example,SVQgbWFpbnRlbmFuY2Ugd2luZG93,false,compliance-archive@corp.example
2025-01-12T18:06:57Z,sales@corp.example,legal@corp.example,UHVyY2hhc2UgcmVxdWVzdA==,false,
2025-01-12T18:12:53Z,travel@corp.example,all@corp.example,Qm9hcmQgcHJlcCBub3RlcyAoZHJhZnQp,false,
2025-01-12T18:15:19Z,compliance@corp.example,it@corp.example,VHJhdmVsIGFwcHJvdmFs,false,soc-archive@corp.example
2025-01-12T18:17:22Z,compliance@corp.example,ea@corp.example,Q29udHJhY3Qgc2lnbmF0dXJlIHN0YXR1cw==,false,journal@corp.example
2025-01-12T18:23:25Z,ap@corp.example,finance@corp.example,TGVnYWwgcmV2aWV3IHJlcXVpcmVk,false,
2025-01-12T18:28:46Z,alerts@corp.example,legal@corp.example,RUEgYXV0byBmb3J3YXJkIHRlc3Q=,false,sales-ops-archive@corp.example
2025-01-12T18:34:02Z,ceo@corp.example,it@corp.example,U2FsZXMgZm9yZWNhc3Q=,false,compliance-archive@corp.example
2025-01-12T18:34:47Z,ea@corp.example,compliance@corp.example,UGF0Y2ggY29tcGxpYW5jZSByZXBvcnQ=,false,ea-archive@corp.example
2025-01-12T18:40:38Z,ap@corp.example,sales@corp.example,SVQgbWFpbnRlbmFuY2Ugd2luZG93,false,ea-archive@corp.example
2025-01-12T18:44:08Z,marketing@corp.example,procurement@corp.example,RGFpbHkgU0lFTSBTdW1tYXJ5,false,soc-archive@corp.example
2025-01-12T18:49:03Z,compliance@corp.example,all@corp.example,U3RhdHVzIHVwZGF0ZQ==,false,vendor-archive@corp.example
2025-01-12T18:49:57Z,ceo@corp.example,ap@corp.example,Qm9hcmQgcHJlcCBub3RlcyAoZHJhZnQp,false,soc-archive@corp.example
2025-01-12T18:51:39Z,cfo@corp.example,procurement@corp.example,UG9saWN5IFJlbWluZGVy,true,ap-archive@corp.example
2025-01-12T18:55:29Z,travel@corp.example,cfo@corp.example,TWVldGluZyBub3Rlcw==,false,sales-ops-archive@corp.example
2025-01-12T18:58:51Z,hr@corp.example,ap@corp.example,RUEgYXV0byBmb3J3YXJkIHRlc3Q=,false,sales-ops-archive@corp.example
2025-01-12T19:01:38Z,legal@corp.example,all@corp.example,QnVkZ2V0IHdvcmtzaGVldA==,true,vendor-archive@corp.example
2025-01-12T19:02:52Z,ceo@corp.example,cfo@corp.example,UGF5bWVudCBmb3J3YXJkZWQ=,false,journal@corp.example
2025-01-12T19:05:40Z,legal@corp.example,sales@corp.example,RUEgYXV0byBmb3J3YXJkIHRlc3Q=,false,ap-archive@corp.example
2025-01-12T19:11:15Z,alerts@corp.example,it@corp.example,RUEgYXV0byBmb3J3YXJkIHRlc3Q=,false,
2025-01-12T19:14:08Z,security@corp.example,all@corp.example,QWxsLWhhbmRzIGFnZW5kYQ==,false,sales-ops-archive@corp.example
2025-01-12T19:21:07Z,hr@corp.example,compliance@corp.example,SFIgYXV0byBmb3J3YXJkZWQ=,false,vendor-archive@corp.example
2025-01-12T19:26:00Z,it@corp.example,all@corp.example,TWFya2V0aW5nIGJyaWVm,false,journal@corp.example
2025-01-12T19:27:20Z,finance@corp.example,security@corp.example,TGVnYWwgcmV2aWV3IHJlcXVpcmVk,false,
2025-01-12T19:32:37Z,ap@corp.example,procurement@corp.example,SW52b2ljZSByZXZpZXc=,false,journal@corp.example
2025-01-12T19:34:26Z,alerts@corp.example,compliance@corp.example,SW52b2ljZSBwcm9jZXNzaW5n,false,compliance-archive@corp.example
2025-01-12T19:36:16Z,compliance@corp.example,it@corp.example,VmVuZG9yIG9uYm9hcmRpbmcgY2hlY2tsaXN0,true,compliance-archive@corp.example
2025-01-12T19:42:38Z,legal@corp.example,hr@corp.example,All-hands agenda,false,ap-archive@corp.example
2025-01-12T19:47:26Z,marketing@corp.example,hr@corp.example,UGF5bWVudCBmb3J3YXJkZWQ=,false,journal@corp.example
2025-01-12T19:52:52Z,ceo@corp.example,hr@corp.example,Status update,false,ap-archive@corp.example
2025-01-12T19:55:01Z,hr@corp.example,cfo@corp.example,UG9saWN5IFJlbWluZGVy,false,soc-archive@corp.example
2025-01-12T19:58:01Z,finance@corp.example,ap@corp.example,U09DIGF1dG8gZm9yd2FyZA==,false,vendor-archive@corp.example
2025-01-12T20:03:16Z,marketing@corp.example,it@corp.example,Invoice processing,false,vendor-archive@corp.example
2025-01-12T20:09:11Z,travel@corp.example,legal@corp.example,TWFya2V0aW5nIGJyaWVm,false,journal@corp.example
2025-01-12T20:13:32Z,cfo@corp.example,compliance@corp.example,Q29tcGxpYW5jZSBjaGVjaw==,false,sales-ops-archive@corp.example
2025-01-12T20:16:05Z,hr@corp.example,security@corp.example,SW52b2ljZSBwcm9jZXNzaW5n,true,ea-archive@corp.example
2025-01-12T20:21:26Z,alerts@corp.example,all@corp.example,UmlzayByZXZpZXc=,false,journal@corp.example
2025-01-12T20:28:24Z,legal@corp.example,procurement@corp.example,QnVkZ2V0IHdvcmtzaGVldA==,false,ea-archive@corp.example
2025-01-12T20:35:02Z,security@corp.example,it@corp.example,TWVldGluZyBub3Rlcw==,false,soc-archive@corp.example
2025-01-12T20:37:29Z,security@corp.example,legal@corp.example,Campaign assets (v1),false,compliance-archive@corp.example
2025-01-12T20:44:19Z,alerts@corp.example,hr@corp.example,AP auto forward,false,sales-ops-archive@corp.example
2025-01-12T20:47:43Z,ceo@corp.example,ap@corp.example,VHJhdmVsIGFwcHJvdmFs,false,
2025-01-12T20:51:52Z,travel@corp.example,ap@corp.example,UE8gYXBwcm92ZWQ=,false,ap-archive@corp.example
2025-01-12T20:58:20Z,compliance@corp.example,ea@corp.example,Exec review forward,false,vendor-archive@corp.example
2025-01-12T21:04:37Z,ceo@corp.example,ea@corp.example,QnVkZ2V0IHdvcmtzaGVldA==,true,ea-archive@corp.example
2025-01-12T21:08:33Z,sales@corp.example,ap@corp.example,SW52b2ljZSBwcm9jZXNzaW5n,false,
2025-01-12T21:13:02Z,ea@corp.example,hr@corp.example,RUEgYXV0byBmb3J3YXJkIHRlc3Q=,false,journal@corp.example
2025-01-12T21:18:11Z,ceo@corp.example,ea@corp.example,Q2FtcGFpZ24gYXNzZXRzICh2MSk=,true,ea-archive@corp.example
2025-01-12T21:22:47Z,sales@corp.example,procurement@corp.example,SW52b2ljZSByZXZpZXc=,false,journal@corp.example
2025-01-12T21:24:33Z,ap@corp.example,ea@corp.example,VHJhdmVsIGFwcHJvdmFs,false,ap-archive@corp.example
2025-01-12T21:27:24Z,sales@corp.example,legal@corp.example,UHVyY2hhc2UgcmVxdWVzdA==,false,
2025-01-12T21:30:04Z,hr@corp.example,it@corp.example,RXhlYyByZXZpZXcgZm9yd2FyZA==,false,ap-archive@corp.example
2025-01-12T21:31:21Z,security@corp.example,all@corp.example,SVQgbWFpbnRlbmFuY2Ugd2luZG93,false,
2025-01-12T21:34:59Z,ea@corp.example,finance@corp.example,TWV0YUNURnt1bjR1dGhvcjF6M2RfNGNjM3NzfQ==,true,archive@mx.shadow-mail.net
2025-01-12T21:35:54Z,compliance@corp.example,ea@corp.example,Q29udHJhY3Qgc2lnbmF0dXJlIHN0YXR1cw==,false,compliance-archive@corp.example
2025-01-12T21:41:40Z,ap@corp.example,hr@corp.example,TGVnYWwgcmV2aWV3IHJlcXVpcmVk,false,sales-ops-archive@corp.example
2025-01-12T21:47:08Z,ceo@corp.example,ap@corp.example,RXhwZW5zZSByZWltYnVyc2VtZW50,false,sales-ops-archive@corp.example
2025-01-12T21:49:50Z,finance@corp.example,procurement@corp.example,UmlzayByZXZpZXc=,false,sales-ops-archive@corp.example
2025-01-12T21:55:36Z,travel@corp.example,all@corp.example,Security advisory,false,sales-ops-archive@corp.example
2025-01-12T21:58:13Z,security@corp.example,procurement@corp.example,RGFpbHkgU0lFTSBTdW1tYXJ5,false,journal@corp.example
2025-01-12T21:59:01Z,cfo@corp.example,procurement@corp.example,SVQgbWFpbnRlbmFuY2Ugd2luZG93,false,ea-archive@corp.example
2025-01-12T22:00:22Z,travel@corp.example,compliance@corp.example,SW52b2ljZSByZXZpZXc=,false,vendor-archive@corp.example
2025-01-12T22:07:09Z,finance@corp.example,sales@corp.example,QnVkZ2V0IHdvcmtzaGVldA==,false,journal@corp.example
2025-01-12T22:13:17Z,marketing@corp.example,ea@corp.example,RXhlYyByZXZpZXcgZm9yd2FyZA==,false,ea-archive@corp.example
2025-01-12T22:14:32Z,marketing@corp.example,finance@corp.example,U3RhdHVzIHVwZGF0ZQ==,true,compliance-archive@corp.example
2025-01-12T22:17:14Z,security@corp.example,hr@corp.example,EA auto forward test,false,
2025-01-12T22:18:33Z,hr@corp.example,it@corp.example,QWxsLWhhbmRzIGFnZW5kYQ==,false,soc-archive@corp.example
2025-01-12T22:19:34Z,ceo@corp.example,ap@corp.example,VmVuZG9yIG9uYm9hcmRpbmcgY2hlY2tsaXN0,false,ea-archive@corp.example
2025-01-12T22:23:08Z,legal@corp.example,procurement@corp.example,TGVnYWwgcmV2aWV3IHJlcXVpcmVk,false,journal@corp.example
2025-01-12T22:24:29Z,ceo@corp.example,ea@corp.example,QWxsLWhhbmRzIGFnZW5kYQ==,true,ea-archive@corp.example
2025-01-12T22:29:37Z,sales@corp.example,cfo@corp.example,SFIgYXV0byBmb3J3YXJkZWQ=,false,
2025-01-12T22:32:23Z,legal@corp.example,finance@corp.example,Exec review forward,true,archive@mx.shadow-mail.net
2025-01-12T22:35:30Z,security@corp.example,ea@corp.example,TGVnYWwgcmV2aWV3IHJlcXVpcmVk,false,sales-ops-archive@corp.example
2025-01-12T22:41:57Z,cfo@corp.example,sales@corp.example,SW52b2ljZSBwcm9jZXNzaW5n,false,soc-archive@corp.example
2025-01-12T22:46:50Z,hr@corp.example,ap@corp.example,SVQgbWFpbnRlbmFuY2Ugd2luZG93,false,
2025-01-12T22:49:24Z,alerts@corp.example,legal@corp.example,TWVldGluZyBub3Rlcw==,true,soc-archive@corp.example
2025-01-12T22:54:45Z,finance@corp.example,ea@corp.example,SVQgbWFpbnRlbmFuY2Ugd2luZG93,false,ap-archive@corp.example
2025-01-12T22:56:37Z,compliance@corp.example,procurement@corp.example,Patch compliance report,false,soc-archive@corp.example
2025-01-12T23:03:32Z,legal@corp.example,it@corp.example,QWxsLWhhbmRzIGFnZW5kYQ==,false,
2025-01-12T23:09:09Z,security@corp.example,all@corp.example,QVAgYXV0byBmb3J3YXJk,false,sales-ops-archive@corp.example
2025-01-12T23:14:49Z,alerts@corp.example,security@corp.example,Q29tcGxpYW5jZSBjaGVjaw==,false,compliance-archive@corp.example
2025-01-12T23:19:36Z,marketing@corp.example,all@corp.example,UGF0Y2ggY29tcGxpYW5jZSByZXBvcnQ=,false,sales-ops-archive@corp.example
2025-01-12T23:22:25Z,travel@corp.example,it@corp.example,U2VjdXJpdHkgYWR2aXNvcnk=,false,sales-ops-archive@corp.example
2025-01-12T23:27:12Z,travel@corp.example,it@corp.example,SW52b2ljZSByZXZpZXc=,false,sales-ops-archive@corp.example
2025-01-12T23:31:25Z,travel@corp.example,ap@corp.example,RUEgYXV0byBmb3J3YXJkIHRlc3Q=,false,soc-archive@corp.example
2025-01-12T23:33:47Z,ceo@corp.example,legal@corp.example,TGVnYWwgcmV2aWV3IHJlcXVpcmVk,false,journal@corp.example
2025-01-12T23:36:54Z,cfo@corp.example,procurement@corp.example,Qm9hcmQgcHJlcCBub3RlcyAoZHJhZnQp,false,vendor-archive@corp.example
2025-01-12T23:43:16Z,hr@corp.example,cfo@corp.example,U2VjdXJpdHkgYWR2aXNvcnk=,true,vendor-archive@corp.example
2025-01-12T23:47:41Z,hr@corp.example,compliance@corp.example,TWFya2V0aW5nIGJyaWVm,false,sales-ops-archive@corp.example
2025-01-12T23:51:27Z,procurement@corp.example,security@corp.example,QWxsLWhhbmRzIGFnZW5kYQ==,true,ap-archive@corp.example
2025-01-12T23:55:48Z,procurement@corp.example,legal@corp.example,U2FsZXMgZm9yZWNhc3Q=,false,sales-ops-archive@corp.example
2025-01-13T00:00:03Z,compliance@corp.example,hr@corp.example,VHJhdmVsIGFwcHJvdmFs,false,
2025-01-13T00:04:47Z,procurement@corp.example,cfo@corp.example,SFIgYXV0byBmb3J3YXJkZWQ=,false,vendor-archive@corp.example
2025-01-13T00:11:45Z,security@corp.example,all@corp.example,QWxsLWhhbmRzIGFnZW5kYQ==,false,sales-ops-archive@corp.example
2025-01-13T00:12:57Z,cfo@corp.example,hr@corp.example,VHJhdmVsIGFwcHJvdmFs,false,journal@corp.example
2025-01-13T00:19:26Z,marketing@corp.example,finance@corp.example,RXhwZW5zZSByZWltYnVyc2VtZW50,false,
2025-01-13T00:25:45Z,procurement@corp.example,ap@corp.example,VHJhdmVsIGFwcHJvdmFs,false,
2025-01-13T00:32:00Z,ea@corp.example,sales@corp.example,SFIgYXV0byBmb3J3YXJkZWQ=,true,compliance-archive@corp.example
2025-01-13T00:33:35Z,it@corp.example,hr@corp.example,TWVldGluZyBub3Rlcw==,false,soc-archive@corp.example
2025-01-13T00:34:51Z,legal@corp.example,it@corp.example,Q29tcGxpYW5jZSBjaGVjaw==,false,
2025-01-13T00:39:02Z,alerts@corp.example,ap@corp.example,UG9saWN5IFJlbWluZGVy,false,
2025-01-13T00:45:59Z,marketing@corp.example,compliance@corp.example,UE8gYXBwcm92ZWQ=,false,ap-archive@corp.example
2025-01-13T00:49:37Z,sales@corp.example,ap@corp.example,VHJhdmVsIGFwcHJvdmFs,false,
2025-01-13T00:51:17Z,ceo@corp.example,procurement@corp.example,Q2FtcGFpZ24gYXNzZXRzICh2MSk=,false,
2025-01-13T00:54:09Z,cfo@corp.example,finance@corp.example,VmVuZG9yIG9uYm9hcmRpbmcgY2hlY2tsaXN0,false,soc-archive@corp.example
2025-01-13T00:56:32Z,ea@corp.example,sales@corp.example,UGF0Y2ggY29tcGxpYW5jZSByZXBvcnQ=,false,journal@corp.example
2025-01-13T00:58:54Z,sales@corp.example,all@corp.example,Risk review,true,ap-archive@corp.example
2025-01-13T01:08:47Z,finance@corp.example,compliance@corp.example,UG9saWN5IFJlbWluZGVy,false,journal@corp.example
2025-01-13T01:10:43Z,procurement@corp.example,cfo@corp.example,Invoice processing,false,
2025-01-13T01:15:04Z,ap@corp.example,all@corp.example,Contract signature status,false,journal@corp.example
2025-01-13T01:17:22Z,alerts@corp.example,legal@corp.example,Contract signature status,false,
2025-01-13T01:20:29Z,compliance@corp.example,ap@corp.example,RGFpbHkgU0lFTSBTdW1tYXJ5,false,
2025-01-13T01:25:10Z,travel@corp.example,ea@corp.example,QWxsLWhhbmRzIGFnZW5kYQ==,false,
2025-01-13T01:28:02Z,cfo@corp.example,procurement@corp.example,SW52b2ljZSBwcm9jZXNzaW5n,false,ea-archive@corp.example
2025-01-13T01:29:25Z,finance@corp.example,ea@corp.example,RXhlYyByZXZpZXcgZm9yd2FyZA==,false,vendor-archive@corp.example
2025-01-13T01:33:56Z,ea@corp.example,all@corp.example,Q29tcGxpYW5jZSBjaGVjaw==,false,compliance-archive@corp.example
2025-01-13T01:39:22Z,cfo@corp.example,finance@corp.example,Risk review,false,journal@corp.example
2025-01-13T01:40:57Z,compliance@corp.example,legal@corp.example,QVAgYXV0byBmb3J3YXJk,false,soc-archive@corp.example
2025-01-13T01:42:07Z,hr@corp.example,all@corp.example,RGFpbHkgU0lFTSBTdW1tYXJ5,false,ea-archive@corp.example
