{
  "event": {
    "BASE_ADDRESS": 140696692654080,
    "COMMAND_LINE": "\"C:\\Windows\\System32\\WindowsPowerShell\\v1.0\\powershell.exe\" ",
    "FILE_IS_SIGNED": 1,
    "FILE_PATH": "C:\\Windows\\System32\\WindowsPowerShell\\v1.0\\powershell.exe",
    "HASH": "9785001b0dcf755eddb8af294a373c0b87b2498660f724e76c4d53f9c217c7a3",
    "MEMORY_USAGE": 2519040,
    "PARENT": {
      "BASE_ADDRESS": 140696480055296,
      "COMMAND_LINE": "C:\\Windows\\Explorer.EXE",
      "CREATION_TIME": 1765952473113,
      "FILE_IS_SIGNED": 1,
      "FILE_PATH": "C:\\Windows\\Explorer.EXE",
      "HASH": "988a56d897915315eef9ca679b3bc8adfcecf5e227aea99aaa1817620520e97e",
      "MEMORY_USAGE": 202608640,
      "PARENT_PROCESS_ID": 5012,
      "PROCESS_ID": 5116,
      "THIS_ATOM": "751b753bf02a8967b831c04b694263ac",
      "THREADS": 70,
      "TIMESTAMP": 1765958572173,
      "USER_NAME": "DESKTOP-9R92O0E\\TomDeJong"
    },
    "PARENT_PROCESS_ID": 5116,
    "PROCESS_ID": 1440,
    "THREADS": 1,
    "USER_NAME": "DESKTOP-9R92O0E\\TomDeJong"
  },
  "routing": {
    "arch": 2,
    "did": "",
    "event_id": "0b27e94d-6636-45ed-9778-f4b94fc2d63b",
    "event_time": 1765959859658,
    "event_type": "NEW_PROCESS",
    "ext_ip": "75.76.161.107",
    "hostname": "desktop-9r92o0e.localdomain",
    "iid": "c4b2cf66-556c-4bed-bbf7-d5348a8ba939",
    "int_ip": "192.168.136.135",
    "latency": -475,
    "moduleid": 2,
    "oid": "4a480bbe-3766-4393-bef8-1faab2aa806f",
    "parent": "751b753bf02a8967b831c04b694263ac",
    "plat": 268435456,
    "sid": "36a35275-a504-4d51-bf68-de4886c4282d",
    "tags": [
      "lc:system"
    ],
    "this": "e1eaec0e15be4d73088d7db9694268b3"
  },
  "ts": "2025-12-17 08:24:19"
}
