{
  "event": {
    "BASE_ADDRESS": 140702933188608,
    "COMMAND_LINE": "\\??\\C:\\Windows\\system32\\conhost.exe 0xffffffff -ForceV1",
    "FILE_IS_SIGNED": 1,
    "FILE_PATH": "C:\\Windows\\System32\\Conhost.exe",
    "HASH": "b02ee54fb2ec69673386d41119ee8ed083a6eab3bfca6aa2155d20ce68ef8963",
    "MEMORY_USAGE": 6090752,
    "PARENT": {
      "BASE_ADDRESS": 140696692654080,
      "COMMAND_LINE": "\"C:\\Windows\\System32\\WindowsPowerShell\\v1.0\\powershell.exe\" Write-Output \"Triage Smarter Not Harder\" ",
      "FILE_IS_SIGNED": 1,
      "FILE_PATH": "C:\\Windows\\System32\\WindowsPowerShell\\v1.0\\powershell.exe",
      "HASH": "9785001b0dcf755eddb8af294a373c0b87b2498660f724e76c4d53f9c217c7a3",
      "MEMORY_USAGE": 2519040,
      "PARENT_ATOM": "030697e0b3e7bb082530b1ad69426943",
      "PARENT_PROCESS_ID": 2180,
      "PROCESS_ID": 6660,
      "THIS_ATOM": "8b3db8adb67daec53ec0229369426948",
      "THREADS": 1,
      "TIMESTAMP": 1765960007813,
      "USER_NAME": "DESKTOP-9R92O0E\\TomDeJong"
    },
    "PARENT_PROCESS_ID": 6660,
    "PROCESS_ID": 5968,
    "THREADS": 3,
    "USER_NAME": "DESKTOP-9R92O0E\\TomDeJong"
  },
  "routing": {
    "arch": 2,
    "did": "",
    "event_id": "9fa492f5-5f6f-4b8d-96df-40777b29507a",
    "event_time": 1765960007845,
    "event_type": "NEW_PROCESS",
    "ext_ip": "104.30.177.112",
    "hostname": "desktop-9r92o0e.localdomain",
    "iid": "c4b2cf66-556c-4bed-bbf7-d5348a8ba939",
    "int_ip": "192.168.136.135",
    "latency": 323,
    "moduleid": 2,
    "oid": "4a480bbe-3766-4393-bef8-1faab2aa806f",
    "parent": "8b3db8adb67daec53ec0229369426948",
    "plat": 268435456,
    "sid": "36a35275-a504-4d51-bf68-de4886c4282d",
    "tags": [
      "lc:system"
    ],
    "this": "f6c0105a959b0ebfc8ef4d0969426948"
  },
  "ts": "2025-12-17 08:26:47"
}
