{
  "event": {
    "COMMAND_LINE": "\"C:\\Windows\\system32\\wscript.exe\" //e:vbscript //b C:\\Users\\TomDeJong\\Desktop\\Demo\\demo.vbs",
    "FILE_IS_SIGNED": 1,
    "FILE_PATH": "C:\\Windows\\system32\\wscript.exe",
    "HASH": "40d9518bf166d1d94b4d60dfe40efb06d2dd92e1ca6d9ab1a4d2b8ccc49da532",
    "PARENT": {
      "BASE_ADDRESS": 140696692654080,
      "COMMAND_LINE": "\"C:\\Windows\\System32\\WindowsPowerShell\\v1.0\\powershell.exe\" ",
      "FILE_IS_SIGNED": 1,
      "FILE_PATH": "C:\\Windows\\System32\\WindowsPowerShell\\v1.0\\powershell.exe",
      "HASH": "9785001b0dcf755eddb8af294a373c0b87b2498660f724e76c4d53f9c217c7a3",
      "MEMORY_USAGE": 2519040,
      "PARENT_ATOM": "751b753bf02a8967b831c04b694263ac",
      "PARENT_PROCESS_ID": 5116,
      "PROCESS_ID": 1440,
      "THIS_ATOM": "e1eaec0e15be4d73088d7db9694268b3",
      "THREADS": 1,
      "TIMESTAMP": 1765959859658,
      "USER_NAME": "DESKTOP-9R92O0E\\TomDeJong"
    },
    "PARENT_PROCESS_ID": 1440,
    "PROCESS_ID": 9148
  },
  "routing": {
    "arch": 2,
    "did": "",
    "event_id": "8153b647-9d0a-42de-be0b-be8d29fc030b",
    "event_time": 1765960000970,
    "event_type": "NEW_PROCESS",
    "ext_ip": "104.30.177.112",
    "hostname": "desktop-9r92o0e.localdomain",
    "iid": "c4b2cf66-556c-4bed-bbf7-d5348a8ba939",
    "int_ip": "192.168.136.135",
    "latency": 2835,
    "moduleid": 2,
    "oid": "4a480bbe-3766-4393-bef8-1faab2aa806f",
    "parent": "e1eaec0e15be4d73088d7db9694268b3",
    "plat": 268435456,
    "sid": "36a35275-a504-4d51-bf68-de4886c4282d",
    "tags": [
      "lc:system"
    ],
    "this": "9388d244e7f477e62da2f0e169426941"
  },
  "ts": "2025-12-17 08:26:40"
}
