{
  "event": {
    "BASE_ADDRESS": 140696480055296,
    "COMMAND_LINE": "C:\\Windows\\Explorer.EXE",
    "CREATION_TIME": 1765952473113,
    "FILE_IS_SIGNED": 1,
    "FILE_PATH": "C:\\Windows\\Explorer.EXE",
    "HASH": "988a56d897915315eef9ca679b3bc8adfcecf5e227aea99aaa1817620520e97e",
    "MEMORY_USAGE": 202608640,
    "PARENT_PROCESS_ID": 5012,
    "PROCESS_ID": 5116,
    "THREADS": 70,
    "USER_NAME": "DESKTOP-9R92O0E\\TomDeJong"
  },
  "routing": {
    "arch": 2,
    "did": "",
    "event_id": "54323343-55a0-4457-b4cb-36b2f26946a9",
    "event_time": 1765958572173,
    "event_type": "EXISTING_PROCESS",
    "ext_ip": "75.76.161.107",
    "hostname": "desktop-9r92o0e.localdomain",
    "iid": "c4b2cf66-556c-4bed-bbf7-d5348a8ba939",
    "int_ip": "192.168.136.135",
    "latency": -226,
    "moduleid": 2,
    "oid": "4a480bbe-3766-4393-bef8-1faab2aa806f",
    "plat": 268435456,
    "sid": "36a35275-a504-4d51-bf68-de4886c4282d",
    "tags": [
      "lc:system"
    ],
    "this": "751b753bf02a8967b831c04b694263ac"
  },
  "ts": "2025-12-17 08:02:52"
}
